<?xml version="1.0" encoding="utf8" ?><informacion><usuario><name>alex</name><primerApellido>uriel</primerApellido><segundoApellido>jimnez</segundoApellido><fechaNacimiento>2011-02-12</fechaNacimiento></usuario><usuario><name>Mauricio</name><primerApellido>Sevilla</primerApellido><segundoApellido>Britto</segundoApellido><fechaNacimiento>1980-10-15</fechaNacimiento></usuario><usuario><name>Raul</name><primerApellido>Perez</primerApellido><segundoApellido>Cardona</segundoApellido><fechaNacimiento>1995-06-14</fechaNacimiento></usuario></informacion>